Rk,Player,Tm,FantPos,Age,G,GS,Cmp,Att,Yds,TD,Int,Att.1,Yds.1,Y/A,TD.1,Tgt,Rec,Yds.2,Y/R,TD.2,Fmb,FL,TD.3,2PM,2PP,FantPt,PPR,DKPt,FDPt,VBD,PosRank,OvRank,Season,Value
5,Travis Kelce,KAN,TE,31,15,15,1,2,4,0,0,0,0,0.0,0,145,105,1416,13.49,11,1,1,11,1.0,0.0,208.0,312.8,316.8,260.3,117.0,1,5.0,2020,TE1
14,Darren Waller,LVR,TE,28,16,15,0,0,0,0,0,0,0,0.0,0,145,107,1196,11.18,9,2,2,9,1.0,0.0,172.0,278.6,283.6,225.1,81.0,2,14.0,2020,TE1
39,Robert Tonyan,GNB,TE,26,16,8,0,0,0,0,0,0,0,0.0,0,59,52,586,11.27,11,0,0,11,0.0,0.0,125.0,176.6,179.6,150.6,34.0,3,39.0,2020,TE1
46,Mark Andrews,BAL,TE,25,14,2,0,0,0,0,0,0,0,0.0,0,88,58,701,12.09,7,2,0,7,0.0,0.0,112.0,170.1,173.1,141.1,22.0,4,46.0,2020,TE1
52,T.J. Hockenson ,DET,TE,23,16,16,0,0,0,0,0,1,0,0.0,0,101,67,723,10.79,6,1,1,6,1.0,0.0,108.0,175.3,179.3,141.8,18.0,5,52.0,2020,TE1
56,Mike Gesicki,MIA,TE,25,15,9,0,0,0,0,0,0,0,0.0,0,85,53,703,13.26,6,0,0,6,0.0,0.0,106.0,159.3,162.3,132.8,16.0,6,56.0,2020,TE1
57,Logan Thomas,WAS,TE,29,16,15,1,1,28,0,0,3,5,1.67,0,110,72,670,9.31,6,0,0,6,0.0,0.0,105.0,176.6,179.6,140.6,14.0,7,57.0,2020,TE1
58,Rob Gronkowski,TAM,TE,31,16,16,0,0,0,0,0,0,0,0.0,0,77,45,623,13.84,7,1,0,7,0.0,0.0,104.0,149.3,152.3,126.8,14.0,8,58.0,2020,TE1
67,Jonnu Smith,TEN,TE,25,15,14,0,0,0,0,0,2,4,2.0,1,65,41,448,10.93,8,0,0,9,0.0,0.0,99.0,140.2,143.2,119.7,9.0,9,67.0,2020,TE1
70,Jimmy Graham,CHI,TE,34,16,15,0,0,0,0,0,0,0,0.0,0,76,50,456,9.12,8,1,0,8,0.0,0.0,94.0,143.6,146.6,118.6,3.0,10,70.0,2020,TE1
72,Hayden Hurst,ATL,TE,27,16,9,0,0,0,0,0,0,0,0.0,0,88,56,571,10.2,6,0,0,6,0.0,0.0,93.0,149.1,152.1,121.1,3.0,11,72.0,2020,TE1
148,Jared Cook,NOR,TE,33,15,5,0,0,0,0,0,0,0,0.0,0,60,37,504,13.62,7,1,1,7,0.0,0.0,90.0,127.4,131.4,108.9,0.0,12,0.0,2020,TE1
150,Noah Fant,DEN,TE,23,15,14,0,0,0,0,0,0,0,0.0,0,93,62,673,10.85,3,0,0,3,1.0,0.0,87.0,149.3,152.3,118.3,0.0,13,0.0,2020,TE2
153,Eric Ebron,PIT,TE,27,15,9,0,0,0,0,0,0,0,0.0,0,91,56,558,9.96,5,1,1,5,1.0,0.0,86.0,141.8,145.8,113.8,0.0,14,0.0,2020,TE2
155,Hunter Henry,LAC,TE,26,14,14,0,0,0,0,0,0,0,0.0,0,93,60,613,10.22,4,0,0,4,0.0,0.0,85.0,145.3,148.3,115.3,0.0,15,0.0,2020,TE2
157,Tyler Higbee,LAR,TE,27,15,15,0,0,0,0,0,1,1,1.0,0,60,44,521,11.84,5,0,0,5,1.0,0.0,84.0,128.2,131.2,106.2,0.0,16,0.0,2020,TE2
162,Dalton Schultz,DAL,TE,24,16,14,0,0,0,0,0,0,0,0.0,0,89,63,615,9.76,4,1,1,4,0.0,0.0,84.0,146.5,150.5,115.0,0.0,17,0.0,2020,TE2
167,Evan Engram ,NYG,TE,26,16,14,0,0,0,0,0,6,26,4.33,1,109,63,654,10.38,1,1,1,2,0.0,0.0,78.0,141.0,145.0,109.5,0.0,18,0.0,2020,TE2
169,George Kittle,SFO,TE,27,8,8,0,0,0,0,0,2,17,8.5,0,63,48,634,13.21,2,0,0,2,0.0,0.0,77.0,125.1,128.1,101.1,0.0,19,0.0,2020,TE2
177,Dallas Goedert,PHI,TE,25,11,9,0,0,0,0,0,0,0,0.0,0,65,46,524,11.39,3,0,0,3,0.0,0.0,70.0,116.4,119.4,93.4,0.0,20,0.0,2020,TE2
185,Irv Smith Jr.,MIN,TE,22,13,7,0,0,0,0,0,0,0,0.0,0,43,30,365,12.17,5,0,0,5,1.0,0.0,69.0,98.5,101.5,83.5,0.0,21,0.0,2020,TE2
190,Austin Hooper,CLE,TE,26,13,13,0,0,0,0,0,0,0,0.0,0,70,46,435,9.46,4,0,0,4,0.0,0.0,68.0,113.5,116.5,90.5,0.0,22,0.0,2020,TE2
193,Dan Arnold,ARI,TE,25,16,5,0,0,0,0,0,0,0,0.0,0,45,31,438,14.13,4,2,1,4,0.0,0.0,66.0,96.8,100.8,81.3,0.0,23,0.0,2020,TE2
221,Trey Burton,IND,TE,29,13,4,0,0,0,0,0,2,3,1.5,2,47,28,250,8.93,3,0,0,5,0.0,0.0,55.0,83.3,86.3,69.3,0.0,24,0.0,2020,TE2
222,Darren Fells,HOU,TE,34,16,14,0,0,0,0,0,0,0,0.0,0,28,21,312,14.86,4,0,0,4,0.0,0.0,55.0,76.2,79.2,65.7,0.0,25,0.0,2020,TE3
229,Gerald Everett,LAR,TE,26,16,7,0,0,0,0,0,1,2,2.0,1,62,41,417,10.17,1,1,1,2,0.0,0.0,52.0,92.9,96.9,72.4,0.0,26,0.0,2020,TE3
236,Mo Alie-Cox,IND,TE,27,15,6,0,0,0,0,0,0,0,0.0,0,39,31,394,12.71,2,1,1,2,0.0,0.0,49.0,80.4,84.4,64.9,0.0,27,0.0,2020,TE3
240,Jordan Akins,HOU,TE,28,13,5,0,0,0,0,0,1,4,4.0,0,49,37,403,10.89,1,0,0,1,0.0,0.0,47.0,83.7,86.7,65.2,0.0,30,0.0,2020,TE3
242,Tyler Eifert,JAX,TE,30,15,4,0,0,0,0,0,0,0,0.0,0,60,36,349,9.69,2,0,0,2,0.0,0.0,47.0,82.9,85.9,64.9,0.0,29,0.0,2020,TE3
246,Jordan Reed,SFO,TE,30,10,1,0,0,0,0,0,0,0,0.0,0,46,26,231,8.88,4,0,0,4,0.0,0.0,47.0,73.1,76.1,60.1,0.0,28,0.0,2020,TE3
247,Richard Rodgers,PHI,TE,28,14,4,0,0,0,0,0,0,0,0.0,0,31,24,345,14.38,2,0,0,2,0.0,0.0,47.0,70.5,73.5,58.5,0.0,31,0.0,2020,TE3
251,Anthony Firkser,TEN,TE,25,16,1,0,0,0,0,0,0,0,0.0,0,53,39,387,9.92,1,0,0,1,0.0,0.0,45.0,83.7,86.7,64.2,0.0,32,0.0,2020,TE3
254,Chris Herndon,NYJ,TE,24,16,13,0,0,0,0,0,0,0,0.0,0,45,31,287,9.26,3,2,2,3,0.0,0.0,43.0,73.7,78.7,58.2,0.0,34,0.0,2020,TE3
255,Dawson Knox,BUF,TE,24,12,7,0,0,0,0,0,0,0,0.0,0,44,24,288,12.0,3,2,2,3,0.0,0.0,43.0,66.8,71.8,54.8,0.0,33,0.0,2020,TE3
256,Zach Ertz,PHI,TE,30,11,11,0,0,0,0,0,0,0,0.0,0,72,36,335,9.31,1,0,0,1,1.0,0.0,42.0,77.5,80.5,59.5,0.0,35,0.0,2020,TE3
259,Jack Doyle,IND,TE,30,14,12,0,0,0,0,0,0,0,0.0,0,33,23,251,10.91,3,1,1,3,0.0,0.0,41.0,64.1,68.1,52.6,0.0,36,0.0,2020,TE3
261,Jacob Hollister,SEA,TE,27,16,5,0,0,0,0,0,0,0,0.0,0,40,25,209,8.36,3,0,0,3,1.0,0.0,41.0,65.9,68.9,53.4,0.0,37,0.0,2020,TE4
264,Cameron Brate,TAM,TE,29,16,1,0,0,0,0,0,0,0,0.0,0,34,28,282,10.07,2,0,0,2,0.0,0.0,40.0,68.2,71.2,54.2,0.0,38,0.0,2020,TE4
268,Drew Sample,CIN,TE,24,16,13,0,0,0,0,0,0,0,0.0,0,53,40,349,8.73,1,1,1,1,0.0,0.0,39.0,78.9,82.9,58.9,0.0,39,0.0,2020,TE4
269,Harrison Bryant,CLE,TE,22,15,9,0,0,0,0,0,0,0,0.0,0,38,24,238,9.92,3,2,2,3,0.0,0.0,38.0,61.8,66.8,49.8,0.0,40,0.0,2020,TE4
274,Will Dissly,SEA,TE,24,16,12,0,0,0,0,0,0,0,0.0,0,29,24,251,10.46,2,0,0,2,0.0,0.0,37.0,61.1,64.1,49.1,0.0,42,0.0,2020,TE4
275,Kyle Rudolph,MIN,TE,31,12,12,0,0,0,0,0,0,0,0.0,0,37,28,334,11.93,1,1,1,1,0.0,0.0,37.0,65.4,69.4,51.4,0.0,41,0.0,2020,TE4
281,Cole Kmet,CHI,TE,21,16,9,0,0,0,0,0,1,-3,-3.0,0,44,28,243,8.68,2,1,1,2,0.0,0.0,34.0,62.0,66.0,48.0,0.0,43,0.0,2020,TE4
282,Donald Parham,LAC,TE,23,13,5,0,0,0,0,0,0,0,0.0,0,20,10,159,15.9,3,0,0,3,0.0,0.0,34.0,43.9,46.9,38.9,0.0,44,0.0,2020,TE4
285,David Njoku,CLE,TE,24,13,5,0,0,0,0,0,0,0,0.0,0,29,19,213,11.21,2,0,0,2,0.0,0.0,33.0,52.3,55.3,42.8,0.0,45,0.0,2020,TE4
286,Adam Shaheen,MIA,TE,26,16,5,0,0,0,0,0,0,0,0.0,0,22,12,150,12.5,3,0,0,3,0.0,0.0,33.0,45.0,48.0,39.0,0.0,46,0.0,2020,TE4
287,Durham Smythe,MIA,TE,25,15,13,0,0,0,0,0,0,0,0.0,0,29,26,208,8.0,2,0,0,2,0.0,0.0,33.0,58.8,61.8,45.8,0.0,47,0.0,2020,TE4
292,Ross Dwelley,SFO,TE,25,16,9,0,0,0,0,0,0,0,0.0,0,24,19,245,12.89,1,0,0,1,0.0,0.0,31.0,49.5,52.5,40.0,0.0,48,0.0,2020,TE4
298,Tyler Kroft,BUF,TE,28,10,4,0,0,0,0,0,0,0,0.0,0,16,12,119,9.92,3,0,0,3,0.0,0.0,30.0,41.9,44.9,35.9,0.0,50,0.0,2020,Waiver
299,Greg Olsen,SEA,TE,35,11,8,0,0,0,0,0,0,0,0.0,0,37,24,239,9.96,1,0,0,1,0.0,0.0,30.0,53.9,56.9,41.9,0.0,49,0.0,2020,Waiver
303,Marcedes Lewis,GNB,TE,36,15,15,0,0,0,0,0,0,0,0.0,0,17,10,107,10.7,3,0,0,3,0.0,0.0,29.0,38.7,41.7,33.7,0.0,51,0.0,2020,Waiver
304,Pharaoh Brown,HOU,TE,26,13,9,0,0,0,0,0,0,0,0.0,0,16,14,163,11.64,2,0,0,2,0.0,0.0,28.0,42.3,45.3,35.3,0.0,52,0.0,2020,Waiver
313,O.J. Howard,TAM,TE,26,4,1,0,0,0,0,0,0,0,0.0,0,19,11,146,13.27,2,0,0,2,0.0,0.0,27.0,37.6,40.6,32.1,0.0,53,0.0,2020,Waiver
318,Foster Moreau,LVR,TE,23,16,2,0,0,0,0,0,0,0,0.0,0,9,7,140,20.0,2,0,0,2,0.0,0.0,26.0,33.0,36.0,29.5,0.0,55,0.0,2020,Waiver
319,James O'Shaughnessy,JAX,TE,28,15,13,0,0,0,0,0,0,0,0.0,0,38,28,262,9.36,0,0,0,0,0.0,0.0,26.0,54.2,57.2,40.2,0.0,54,0.0,2020,Waiver
321,Tyler Conklin,MIN,TE,25,16,2,0,0,0,0,0,0,0,0.0,0,26,19,194,10.21,1,1,0,1,0.0,0.0,25.0,44.4,47.4,34.9,0.0,56,0.0,2020,Waiver
324,Jesse James,DET,TE,26,16,7,0,0,0,0,0,0,0,0.0,0,22,14,129,9.21,2,0,0,2,0.0,0.0,25.0,38.9,41.9,31.9,0.0,57,0.0,2020,Waiver
328,Nick Boyle,BAL,TE,27,9,9,0,0,0,0,0,0,0,0.0,0,17,14,113,8.07,2,0,0,2,0.0,0.0,23.0,37.3,40.3,30.3,0.0,58,0.0,2020,Waiver
330,MyCole Pruitt,TEN,TE,28,11,4,0,0,0,0,0,0,0,0.0,0,8,5,49,9.8,2,0,0,3,0.0,0.0,23.0,27.9,27.9,25.4,0.0,60,0.0,2020,Waiver
332,Adam Trautman,NOR,TE,23,15,6,0,0,0,0,0,0,0,0.0,0,16,15,171,11.4,1,0,0,1,0.0,0.0,23.0,38.1,41.1,30.6,0.0,59,0.0,2020,Waiver
339,Ian Thomas,CAR,TE,24,16,8,0,0,0,0,0,0,0,0.0,0,31,20,145,7.25,1,1,0,1,0.0,0.0,21.0,40.5,43.5,30.5,0.0,61,0.0,2020,Waiver
346,Jason Witten,LVR,TE,38,16,7,0,0,0,0,0,0,0,0.0,0,17,13,69,5.31,2,0,0,2,0.0,0.0,19.0,31.9,31.9,25.4,0.0,62,0.0,2020,Waiver
351,Ryan Izzo,NWE,TE,25,12,12,0,0,0,0,0,0,0,0.0,0,20,13,199,15.31,0,1,1,0,0.0,0.0,18.0,30.9,34.9,24.4,0.0,64,0.0,2020,Waiver
355,Albert Okwuegbunam,DEN,TE,22,4,0,0,0,0,0,0,0,0,0.0,0,15,11,121,11.0,1,0,0,1,0.0,0.0,18.0,29.1,32.1,23.6,0.0,63,0.0,2020,Waiver
367,Jace Sternberger,GNB,TE,24,12,0,0,0,0,0,0,0,0,0.0,0,15,12,114,9.5,1,0,0,1,0.0,0.0,17.0,29.4,32.4,23.4,0.0,65,0.0,2020,Waiver
378,Nick Vannett,DEN,TE,27,15,11,0,0,0,0,0,0,0,0.0,0,21,14,95,6.79,1,0,0,1,0.0,0.0,16.0,29.5,29.5,22.5,0.0,67,0.0,2020,Waiver
379,Maxx Williams,ARI,TE,26,9,8,0,0,0,0,0,0,0,0.0,0,10,8,102,12.75,1,0,0,1,0.0,0.0,16.0,24.2,27.2,20.2,0.0,66,0.0,2020,Waiver
381,Darrell Daniels,ARI,TE,26,12,8,0,0,0,0,0,0,0,0.0,0,11,8,92,11.5,1,0,0,1,0.0,0.0,15.0,23.2,23.2,19.2,0.0,68,0.0,2020,Waiver
387,C.J. Uzomah,CIN,TE,27,2,2,0,0,0,0,0,0,0,0.0,0,11,8,87,10.88,1,0,0,1,0.0,0.0,15.0,22.7,22.7,18.7,0.0,69,0.0,2020,Waiver
391,Troy Fumagalli,DEN,TE,25,8,0,0,0,0,0,0,0,0,0.0,0,15,8,80,10.0,1,0,0,1,0.0,0.0,14.0,22.0,22.0,18.0,0.0,71,0.0,2020,Waiver
392,Geoff Swaim,TEN,TE,27,10,8,0,0,0,0,0,0,0,0.0,0,12,9,83,9.22,1,0,0,1,0.0,0.0,14.0,23.3,23.3,18.8,0.0,70,0.0,2020,Waiver
410,Stephen Anderson,LAC,TE,27,16,3,0,0,0,0,0,0,0,0.0,0,11,8,106,13.25,0,0,0,0,0.0,0.0,11.0,18.6,21.6,14.6,0.0,76,0.0,2020,Waiver
411,Blake Bell,DAL,TE,29,16,2,0,0,0,0,0,1,2,2.0,0,15,11,110,10.0,0,0,0,0,0.0,0.0,11.0,22.2,25.2,16.7,0.0,72,0.0,2020,Waiver
413,Virgil Green,LAC,TE,32,6,3,0,0,0,0,0,0,0,0.0,0,6,3,50,16.67,1,0,0,1,0.0,0.0,11.0,14.0,14.0,12.5,0.0,74,0.0,2020,Waiver
414,Josh Hill,NOR,TE,30,14,7,0,0,0,0,0,0,0,0.0,0,10,8,46,5.75,1,1,0,1,0.0,0.0,11.0,18.6,18.6,14.6,0.0,75,0.0,2020,Waiver
417,Kaden Smith,NYG,TE,23,15,12,0,0,0,0,0,0,0,0.0,0,21,18,112,6.22,0,1,0,0,0.0,0.0,11.0,29.2,32.2,20.2,0.0,73,0.0,2020,Waiver
421,Devin Asiasi,NWE,TE,23,9,3,0,0,0,0,0,0,0,0.0,0,7,2,39,19.5,1,0,0,1,0.0,0.0,10.0,11.9,11.9,10.9,0.0,77,0.0,2020,Waiver
424,Vance McDonald,PIT,TE,30,14,12,0,0,0,0,0,0,0,0.0,0,20,15,99,6.6,0,0,0,0,0.0,0.0,10.0,24.9,24.9,17.4,0.0,78,0.0,2020,Waiver
431,Dominique Dafney,GNB,TE,23,5,2,0,0,0,0,0,0,0,0.0,0,2,2,26,13.0,1,0,0,1,0.0,0.0,9.0,10.6,10.6,9.6,0.0,79,0.0,2020,Waiver
432,Ryan Griffin,NYJ,TE,30,15,6,0,0,0,0,0,0,0,0.0,0,12,9,86,9.56,0,0,0,0,0.0,0.0,9.0,17.6,17.6,13.1,0.0,80,0.0,2020,Waiver
441,Reggie Gilliam,BUF,TE,23,14,0,0,0,0,0,0,0,0,0.0,0,2,2,16,8.0,1,0,0,1,0.0,0.0,8.0,9.6,9.6,8.6,0.0,81,0.0,2020,Waiver
454,Colin Thompson,CAR,TE,27,15,4,0,0,0,0,0,0,0,0.0,0,2,1,7,7.0,1,0,0,1,0.0,0.0,7.0,7.7,7.7,7.2,0.0,82,0.0,2020,Waiver
458,Jason Croom,PHI,TE,26,4,0,0,0,0,0,0,0,0,0.0,0,1,1,3,3.0,1,0,0,1,0.0,0.0,6.0,7.3,7.3,6.8,0.0,84,0.0,2020,Waiver
465,Luke Stocker,ATL,TE,32,16,13,0,0,0,0,0,0,0,0.0,0,11,7,63,9.0,0,0,0,0,0.0,0.0,6.0,13.3,13.3,9.8,0.0,85,0.0,2020,Waiver
466,Jordan Thomas,2TM,TE,24,6,0,0,0,0,0,0,0,0,0.0,0,2,1,3,3.0,1,0,0,1,0.0,0.0,6.0,7.3,7.3,6.8,0.0,83,0.0,2020,Waiver
469,Cethan Carter,CIN,TE,25,15,5,0,0,0,0,0,0,0,0.0,0,7,5,53,10.6,0,0,0,0,0.0,0.0,5.0,10.3,10.3,7.8,0.0,87,0.0,2020,Waiver
470,Demetrius Harris,CHI,TE,29,15,5,0,0,0,0,0,0,0,0.0,0,14,7,45,6.43,0,0,0,0,0.0,0.0,5.0,11.5,11.5,8.0,0.0,90,0.0,2020,Waiver
473,Chris Manhertz,CAR,TE,28,16,12,0,0,0,0,0,0,0,0.0,0,8,6,52,8.67,0,0,0,0,0.0,0.0,5.0,11.2,11.2,8.2,0.0,88,0.0,2020,Waiver
474,Johnny Mundt,LAR,TE,26,16,1,0,0,0,0,0,0,0,0.0,0,4,4,53,13.25,0,0,0,0,0.0,0.0,5.0,9.3,9.3,7.3,0.0,86,0.0,2020,Waiver
476,Levine Toilolo,NYG,TE,29,16,2,0,0,0,0,0,0,0,0.0,0,6,5,46,9.2,0,0,0,0,0.0,0.0,5.0,9.6,9.6,7.1,0.0,89,0.0,2020,Waiver
480,Hunter Bryant,DET,TE,22,5,0,0,0,0,0,0,0,0,0.0,0,3,1,44,44.0,0,0,0,0,0.0,0.0,4.0,5.4,5.4,4.9,0.0,91,0.0,2020,Waiver
486,Tanner Hudson,TAM,TE,26,11,0,0,0,0,0,0,0,0,0.0,0,7,3,41,13.67,0,0,0,0,0.0,0.0,4.0,7.1,7.1,5.6,0.0,93,0.0,2020,Waiver
488,Nick Keizer,KAN,TE,25,16,3,0,0,0,0,0,0,0,0.0,0,9,6,63,10.5,0,1,1,0,0.0,0.0,4.0,10.3,11.3,7.3,0.0,92,0.0,2020,Waiver
492,Kahale Warring,HOU,TE,23,7,0,0,0,0,0,0,0,0,0.0,0,7,3,35,11.67,0,0,0,0,0.0,0.0,4.0,6.5,6.5,5.0,0.0,96,0.0,2020,Waiver
493,Charlie Woerner,SFO,TE,23,14,0,0,0,0,0,0,0,0,0.0,0,4,3,36,12.0,0,0,0,0,0.0,0.0,4.0,6.6,6.6,5.1,0.0,94,0.0,2020,Waiver
494,Deon Yelder,KAN,TE,25,14,1,0,0,0,0,0,0,0,0.0,0,11,7,36,5.14,0,0,0,0,0.0,0.0,4.0,10.6,10.6,7.1,0.0,95,0.0,2020,Waiver
497,Stephen Carlson,CLE,TE,24,16,2,0,0,0,0,0,0,0,0.0,0,2,1,11,11.0,0,0,0,0,1.0,0.0,3.0,4.1,4.1,3.6,0.0,97,0.0,2020,Waiver
498,Ben Ellefson,JAX,TE,24,7,4,0,0,0,0,0,0,0,0.0,0,4,1,10,10.0,0,0,0,0,1.0,0.0,3.0,4.0,4.0,3.5,0.0,98,0.0,2020,Waiver
500,Jaeden Graham,ATL,TE,25,16,0,0,0,0,0,0,0,0,0.0,0,5,3,25,8.33,0,0,0,0,0.0,0.0,3.0,5.5,5.5,4.0,0.0,99,0.0,2020,Waiver
521,Dalton Keene,NWE,TE,21,6,0,0,0,0,0,0,0,0,0.0,0,5,3,16,5.33,0,1,0,0,0.0,0.0,2.0,4.6,4.6,3.1,0.0,102,0.0,2020,Waiver
524,Colby Parkinson,SEA,TE,21,6,0,0,0,0,0,0,0,0,0.0,0,2,2,16,8.0,0,0,0,0,0.0,0.0,2.0,3.6,3.6,2.6,0.0,100,0.0,2020,Waiver
528,Eric Saubert,JAX,TE,26,8,4,0,0,0,0,0,0,0,0.0,0,4,3,16,5.33,0,0,0,0,0.0,0.0,2.0,4.6,4.6,3.1,0.0,101,0.0,2020,Waiver
535,Jake Butt,DEN,TE,25,5,1,0,0,0,0,0,0,0,0.0,0,4,2,5,2.5,0,0,0,0,0.0,0.0,1.0,2.5,2.5,1.5,0.0,111,0.0,2020,Waiver
536,Derek Carrier,LVR,TE,30,16,0,0,0,0,0,0,0,0,0.0,0,1,1,14,14.0,0,0,0,0,0.0,0.0,1.0,2.4,2.4,1.9,0.0,103,0.0,2020,Waiver
538,Josiah Deguara,GNB,TE,23,2,1,0,0,0,0,0,0,0,0.0,0,2,1,12,12.0,0,0,0,0,0.0,0.0,1.0,2.2,2.2,1.7,0.0,104,0.0,2020,Waiver
540,Brandon Dillon,MIN,TE,23,3,0,0,0,0,0,0,0,0,0.0,0,1,1,6,6.0,0,0,0,0,0.0,0.0,1.0,1.6,1.6,1.1,0.0,109,0.0,2020,Waiver
544,Temarrick Hemingway,WAS,TE,27,8,0,0,0,0,0,0,0,0,0.0,0,2,1,10,10.0,0,0,0,0,0.0,0.0,1.0,2.0,2.0,1.5,0.0,107,0.0,2020,Waiver
547,Blake Jarwin,DAL,TE,26,1,1,0,0,0,0,0,0,0,0.0,0,1,1,12,12.0,0,0,0,0,0.0,0.0,1.0,2.2,2.2,1.7,0.0,105,0.0,2020,Waiver
559,Jeremy Sprinkle,WAS,TE,26,16,6,0,0,0,0,0,0,0,0.0,0,3,1,6,6.0,0,0,0,0,0.0,0.0,1.0,1.6,1.6,1.1,0.0,108,0.0,2020,Waiver
560,Trevon Wesco,NYJ,TE,25,12,4,0,0,0,0,0,1,0,0.0,0,2,1,5,5.0,0,0,0,0,0.0,0.0,1.0,1.5,1.5,1.0,0.0,110,0.0,2020,Waiver
563,Luke Willson,2TM,TE,30,8,0,0,0,0,0,0,0,0,0.0,0,3,1,12,12.0,0,0,0,0,0.0,0.0,1.0,2.2,2.2,1.7,0.0,106,0.0,2020,Waiver
569,Marcus Baugh,WAS,TE,26,8,1,0,0,0,0,0,0,0,0.0,0,1,1,2,2.0,0,0,0,0,0.0,0.0,0.0,1.2,1.2,0.7,0.0,113,0.0,2020,Waiver
598,Isaac Nauta,DET,TE,23,7,0,0,0,0,0,0,0,0,0.0,0,2,1,3,3.0,0,0,0,0,0.0,0.0,0.0,1.3,1.3,0.8,0.0,112,0.0,2020,Waiver
8,Travis Kelce,KAN,TE,30,16,16,0,0,0,0,0,1,4,4.0,1,136,97,1229,12.67,5,1,1,6,0.0,0.0,157.0,254.3,258.3,205.8,80.0,1,8.0,2019,TE1
13,Mark Andrews,BAL,TE,24,15,4,0,0,0,0,0,0,0,0.0,0,98,64,852,13.31,10,2,1,10,0.0,0.0,143.0,207.2,211.2,175.2,66.0,2,13.0,2019,TE1
16,George Kittle,SFO,TE,26,14,14,0,0,0,0,0,5,22,4.4,0,107,85,1053,12.39,5,1,0,5,0.0,0.0,138.0,222.5,225.5,180.0,61.0,3,16.0,2019,TE1
19,Darren Waller,OAK,TE,27,16,16,0,0,0,0,0,2,5,2.5,0,117,90,1145,12.72,3,1,1,3,0.0,0.0,131.0,221.0,225.0,176.0,54.0,4,19.0,2019,TE1
22,Zach Ertz,PHI,TE,29,15,15,0,0,0,0,0,0,0,0.0,0,135,88,916,10.41,6,1,1,6,1.0,0.0,128.0,215.6,219.6,171.6,51.0,5,22.0,2019,TE1
25,Jared Cook,NOR,TE,32,14,7,0,0,0,0,0,0,0,0.0,0,65,43,705,16.4,9,0,0,9,0.0,0.0,125.0,167.5,170.5,146.0,48.0,6,25.0,2019,TE1
31,Austin Hooper,ATL,TE,25,13,10,0,0,0,0,0,0,0,0.0,0,97,75,787,10.49,6,0,0,6,1.0,0.0,117.0,191.7,194.7,154.2,40.0,7,31.0,2019,TE1
54,Hunter Henry,LAC,TE,25,12,12,0,0,0,0,0,0,0,0.0,0,76,55,652,11.85,5,1,1,5,1.0,0.0,95.0,150.2,154.2,122.7,18.0,8,54.0,2019,TE1
57,Tyler Higbee,LAR,TE,26,15,15,0,0,0,0,0,0,0,0.0,0,89,69,734,10.64,3,0,0,3,0.0,0.0,91.0,160.4,163.4,125.9,15.0,9,57.0,2019,TE1
62,Dallas Goedert,PHI,TE,24,15,9,0,0,0,0,0,0,0,0.0,0,87,58,607,10.47,5,2,2,5,0.0,0.0,87.0,144.7,149.7,115.7,10.0,10,62.0,2019,TE1
64,Mike Gesicki,MIA,TE,24,16,5,0,0,0,0,0,0,0,0.0,0,89,51,570,11.18,5,1,1,5,0.0,0.0,85.0,136.0,140.0,110.5,8.0,11,64.0,2019,TE1
156,Jason Witten,DAL,TE,37,16,16,0,0,0,0,0,0,0,0.0,0,83,63,529,8.4,4,1,1,4,1.0,0.0,77.0,139.9,143.9,108.4,0.0,12,0.0,2019,TE1
158,Darren Fells,HOU,TE,33,16,14,0,0,0,0,0,0,0,0.0,0,48,34,341,10.03,7,0,0,7,0.0,0.0,76.0,110.1,113.1,93.1,0.0,13,0.0,2019,TE2
162,Kyle Rudolph,MIN,TE,30,16,16,0,0,0,0,0,0,0,0.0,0,48,39,367,9.41,6,0,0,6,1.0,0.0,75.0,113.7,116.7,94.2,0.0,14,0.0,2019,TE2
169,Greg Olsen,CAR,TE,34,14,14,0,0,0,0,0,0,0,0.0,0,82,52,597,11.48,2,0,0,2,0.0,0.0,72.0,123.7,126.7,97.7,0.0,15,0.0,2019,TE2
171,Noah Fant,DEN,TE,22,16,11,0,0,0,0,0,3,-12,-4.0,0,66,40,562,14.05,3,1,1,3,0.0,0.0,71.0,111.0,115.0,91.0,0.0,16,0.0,2019,TE2
173,Jonnu Smith,TEN,TE,24,16,14,0,0,0,0,0,4,78,19.5,0,44,35,439,12.54,3,0,0,3,0.0,0.0,70.0,104.7,107.7,87.2,0.0,17,0.0,2019,TE2
174,Jack Doyle,IND,TE,29,16,16,0,0,0,0,0,0,0,0.0,0,72,43,448,10.42,4,1,0,4,0.0,0.0,69.0,111.8,114.8,90.3,0.0,18,0.0,2019,TE2
181,Evan Engram,NYG,TE,25,8,6,0,0,0,0,0,3,7,2.33,0,68,44,467,10.61,3,0,0,3,0.0,0.0,65.0,109.4,112.4,87.4,0.0,19,0.0,2019,TE2
183,Tyler Eifert,CIN,TE,29,16,4,0,0,0,0,0,0,0,0.0,0,63,43,436,10.14,3,0,0,3,1.0,0.0,64.0,106.6,109.6,85.1,0.0,21,0.0,2019,TE2
184,Ryan Griffin,NYJ,TE,29,13,13,0,0,0,0,0,0,0,0.0,0,41,34,320,9.41,5,0,0,5,1.0,0.0,64.0,98.0,101.0,81.0,0.0,20,0.0,2019,TE2
187,Jimmy Graham,GNB,TE,33,16,10,0,0,0,0,0,0,0,0.0,0,60,38,447,11.76,3,1,0,3,0.0,0.0,63.0,100.7,103.7,81.7,0.0,22,0.0,2019,TE2
198,Eric Ebron,IND,TE,26,11,2,0,0,0,0,0,0,0,0.0,0,52,31,375,12.1,3,0,0,3,0.0,0.0,56.0,86.5,89.5,71.0,0.0,23,0.0,2019,TE2
201,Cameron Brate,TAM,TE,28,16,6,0,0,0,0,0,0,0,0.0,0,55,36,311,8.64,4,0,0,4,0.0,0.0,55.0,91.1,94.1,73.1,0.0,24,0.0,2019,TE2
203,Blake Jarwin,DAL,TE,25,16,7,0,0,0,0,0,0,0,0.0,0,41,31,365,11.77,3,1,0,3,0.0,0.0,55.0,85.5,88.5,70.0,0.0,25,0.0,2019,TE3
205,Jordan Akins,HOU,TE,27,16,9,0,0,0,0,0,0,0,0.0,0,55,36,418,11.61,2,0,0,2,0.0,0.0,54.0,89.8,92.8,71.8,0.0,26,0.0,2019,TE3
209,Gerald Everett,LAR,TE,25,13,2,0,0,0,0,0,1,0,0.0,0,60,37,408,11.03,2,0,0,2,0.0,0.0,53.0,89.8,92.8,71.3,0.0,28,0.0,2019,TE3
210,Jacob Hollister,SEA,TE,26,11,3,0,0,0,0,0,0,0,0.0,0,59,41,349,8.51,3,0,0,3,0.0,0.0,53.0,93.9,96.9,73.4,0.0,27,0.0,2019,TE3
214,Dawson Knox,BUF,TE,23,15,11,0,0,0,0,0,1,9,9.0,0,50,28,388,13.86,2,0,0,2,0.0,0.0,52.0,79.7,82.7,65.7,0.0,29,0.0,2019,TE3
216,Will Dissly,SEA,TE,23,6,6,0,0,0,0,0,1,7,7.0,0,27,23,262,11.39,4,1,0,4,0.0,0.0,51.0,73.9,76.9,62.4,0.0,30,0.0,2019,TE3
220,O.J. Howard,TAM,TE,25,14,14,0,0,0,0,0,0,0,0.0,0,53,34,459,13.5,1,1,1,1,0.0,0.0,50.0,83.9,87.9,66.9,0.0,31,0.0,2019,TE3
223,T.J. Hockenson,DET,TE,22,12,7,0,0,0,0,0,0,0,0.0,0,59,32,367,11.47,2,0,0,2,0.0,0.0,49.0,80.7,83.7,64.7,0.0,32,0.0,2019,TE3
228,Hayden Hurst,BAL,TE,26,16,4,0,0,0,0,0,0,0,0.0,0,39,30,349,11.63,2,0,0,2,0.0,0.0,47.0,76.9,79.9,61.9,0.0,34,0.0,2019,TE3
229,Foster Moreau,OAK,TE,22,13,7,0,0,0,0,0,0,0,0.0,0,25,21,174,8.29,5,0,0,5,0.0,0.0,47.0,68.4,71.4,57.9,0.0,33,0.0,2019,TE3
232,Vance McDonald,PIT,TE,29,14,14,0,0,0,0,0,1,2,2.0,0,55,38,273,7.18,3,1,0,3,0.0,0.0,46.0,83.5,86.5,64.5,0.0,35,0.0,2019,TE3
235,Ricky Seals-Jones,CLE,TE,24,14,3,0,0,0,0,0,0,0,0.0,0,22,14,229,16.36,4,1,1,4,0.0,0.0,45.0,58.9,62.9,51.9,0.0,36,0.0,2019,TE3
236,Kaden Smith,NYG,TE,22,9,6,0,0,0,0,0,0,0,0.0,0,42,31,268,8.65,3,2,0,3,0.0,0.0,45.0,75.8,78.8,60.3,0.0,37,0.0,2019,TE4
237,Nick Boyle,BAL,TE,26,16,15,0,0,0,0,0,0,0,0.0,0,43,31,321,10.35,2,0,0,2,0.0,0.0,44.0,75.1,78.1,59.6,0.0,38,0.0,2019,TE4
240,Irv Smith Jr.,MIN,TE,21,16,7,0,0,0,0,0,0,0,0.0,0,47,36,311,8.64,2,1,0,2,0.0,0.0,43.0,79.1,82.1,61.1,0.0,39,0.0,2019,TE4
247,Josh Hill,NOR,TE,29,16,11,0,0,0,0,0,0,0,0.0,0,35,25,226,9.04,3,0,0,3,0.0,0.0,41.0,65.6,68.6,53.1,0.0,40,0.0,2019,TE4
266,C.J. Uzomah,CIN,TE,26,16,16,0,0,0,0,0,0,0,0.0,0,40,27,242,8.96,2,0,0,2,0.0,0.0,36.0,63.2,66.2,49.7,0.0,41,0.0,2019,TE4
267,Demetrius Harris,CLE,TE,28,15,6,0,0,0,0,0,0,0,0.0,0,27,15,149,9.93,3,0,0,3,1.0,0.0,35.0,49.9,52.9,42.4,0.0,42,0.0,2019,TE4
270,Delanie Walker,TEN,TE,35,7,4,0,0,0,0,0,0,0,0.0,0,31,21,215,10.24,2,1,0,2,0.0,0.0,34.0,54.5,57.5,44.0,0.0,43,0.0,2019,TE4
281,Charles Clay,ARI,TE,30,15,10,0,0,0,0,0,0,0,0.0,0,24,18,237,13.17,1,0,0,1,0.0,0.0,30.0,47.7,50.7,38.7,0.0,45,0.0,2019,TE4
284,Jeremy Sprinkle,WAS,TE,25,16,13,0,0,0,0,0,0,0,0.0,0,40,26,241,9.27,1,1,0,1,0.0,0.0,30.0,56.1,59.1,43.1,0.0,44,0.0,2019,TE4
292,James O'Shaughnessy,JAX,TE,27,5,5,0,0,0,0,0,0,0,0.0,0,20,14,153,10.93,2,0,0,2,0.0,0.0,27.0,41.3,44.3,34.3,0.0,46,0.0,2019,TE4
295,Anthony Firkser,TEN,TE,24,15,1,0,0,0,0,0,0,0,0.0,0,24,14,204,14.57,1,0,0,1,0.0,0.0,26.0,40.4,43.4,33.4,0.0,47,0.0,2019,TE4
303,Maxx Williams,ARI,TE,25,16,10,0,0,0,0,0,0,0,0.0,0,19,15,202,13.47,1,0,0,1,0.0,0.0,26.0,41.2,44.2,33.7,0.0,48,0.0,2019,TE4
304,Dan Arnold,2TM,TE,24,5,1,0,0,0,0,0,0,0,0.0,0,14,8,127,15.88,2,0,0,2,0.0,0.0,25.0,32.7,35.7,28.7,0.0,49,0.0,2019,Waiver
317,Rhett Ellison,NYG,TE,31,10,7,0,0,0,0,0,0,0,0.0,0,28,18,167,9.28,1,0,0,1,0.0,0.0,23.0,40.7,43.7,31.7,0.0,51,0.0,2019,Waiver
321,Logan Thomas,DET,TE,28,16,3,0,0,0,0,0,0,0,0.0,0,28,16,173,10.81,1,0,0,1,0.0,0.0,23.0,39.3,42.3,31.3,0.0,50,0.0,2019,Waiver
325,Marcedes Lewis,GNB,TE,35,16,11,0,0,0,0,0,0,0,0.0,0,19,15,156,10.4,1,0,0,1,0.0,0.0,22.0,36.6,39.6,29.1,0.0,52,0.0,2019,Waiver
327,Ross Dwelley,SFO,TE,24,16,6,0,0,0,0,0,0,0,0.0,0,22,15,91,6.07,2,0,0,2,0.0,0.0,21.0,36.1,36.1,28.6,0.0,53,0.0,2019,Waiver
328,Jaeden Graham,ATL,TE,24,16,0,0,0,0,0,0,0,0,0.0,0,10,9,149,16.56,1,0,0,1,0.0,0.0,21.0,29.9,32.9,25.4,0.0,54,0.0,2019,Waiver
333,Derek Carrier,OAK,TE,29,16,4,0,0,0,0,0,1,27,27.0,0,19,13,108,8.31,1,0,0,1,0.0,0.0,20.0,32.5,35.5,26.0,0.0,56,0.0,2019,Waiver
337,Ian Thomas,CAR,TE,23,16,3,0,0,0,0,0,0,0,0.0,0,30,16,136,8.5,1,0,0,1,0.0,0.0,20.0,35.6,38.6,27.6,0.0,55,0.0,2019,Waiver
338,Matt LaCosse,NWE,TE,27,11,8,0,0,0,0,0,0,0,0.0,0,19,13,131,10.08,1,0,0,1,0.0,0.0,19.0,32.1,35.1,25.6,0.0,57,0.0,2019,Waiver
341,Vernon Davis,WAS,TE,35,4,1,0,0,0,0,0,0,0,0.0,0,19,10,123,12.3,1,0,0,1,0.0,0.0,18.0,28.3,31.3,23.3,0.0,58,0.0,2019,Waiver
345,Jeff Heuerman,DEN,TE,27,14,11,0,0,0,0,0,0,0,0.0,0,20,14,114,8.14,1,0,0,1,0.0,0.0,17.0,31.4,34.4,24.4,0.0,60,0.0,2019,Waiver
347,Ryan Izzo,NWE,TE,24,6,4,0,0,0,0,0,0,0,0.0,0,9,6,114,19.0,1,0,0,1,0.0,0.0,17.0,23.4,26.4,20.4,0.0,59,0.0,2019,Waiver
350,Nick O'Leary,2TM,TE,27,12,5,0,0,0,0,0,0,0,0.0,0,18,13,109,8.38,1,1,0,1,0.0,0.0,17.0,29.9,32.9,23.4,0.0,62,0.0,2019,Waiver
352,Nick Vannett,2TM,TE,26,16,7,0,0,0,0,0,0,0,0.0,0,22,17,166,9.76,0,0,0,0,0.0,0.0,17.0,33.6,36.6,25.1,0.0,63,0.0,2019,Waiver
353,Ben Watson,NWE,TE,39,10,8,0,0,0,0,0,0,0,0.0,0,24,17,173,10.18,0,0,0,0,0.0,0.0,17.0,34.3,37.3,25.8,0.0,61,0.0,2019,Waiver
355,Andrew Beck,DEN,TE,23,16,6,1,1,6,0,0,1,3,3.0,0,12,9,90,10.0,1,0,0,1,0.0,0.0,16.0,24.5,24.5,20.0,0.0,66,0.0,2019,Waiver
357,Hale Hentges,WAS,TE,23,11,4,0,0,0,0,0,0,0,0.0,0,14,8,103,12.88,1,0,0,1,0.0,0.0,16.0,24.3,27.3,20.3,0.0,64,0.0,2019,Waiver
358,Robert Tonyan,GNB,TE,25,11,1,0,0,0,0,0,0,0,0.0,0,15,10,100,10.0,1,0,0,1,0.0,0.0,16.0,26.0,29.0,21.0,0.0,65,0.0,2019,Waiver
359,Joshua Perkins,PHI,TE,26,5,0,0,0,0,0,0,0,0,0.0,0,13,9,87,9.67,1,0,0,1,0.0,0.0,15.0,23.7,23.7,19.2,0.0,68,0.0,2019,Waiver
360,MyCole Pruitt,TEN,TE,27,16,10,0,0,0,0,0,0,0,0.0,0,8,6,90,15.0,1,0,0,1,0.0,0.0,15.0,21.0,21.0,18.0,0.0,67,0.0,2019,Waiver
363,Seth Devalve,JAX,TE,26,12,6,0,0,0,0,0,0,0,0.0,0,18,12,140,11.67,0,0,0,0,0.0,0.0,14.0,26.0,29.0,20.0,0.0,70,0.0,2019,Waiver
365,Virgil Green,LAC,TE,31,15,4,0,0,0,0,0,0,0,0.0,0,13,9,78,8.67,1,0,0,1,0.0,0.0,14.0,22.8,22.8,18.3,0.0,71,0.0,2019,Waiver
367,Jesse James,DET,TE,25,16,11,0,0,0,0,0,0,0,0.0,0,27,16,142,8.88,0,0,0,0,0.0,0.0,14.0,30.2,33.2,22.2,0.0,69,0.0,2019,Waiver
373,Tyler Kroft,BUF,TE,27,11,3,0,0,0,0,0,0,0,0.0,0,14,6,71,11.83,1,0,0,1,0.0,0.0,13.0,19.1,19.1,16.1,0.0,72,0.0,2019,Waiver
376,Ben Braunecker,CHI,TE,25,11,3,0,0,0,0,0,0,0,0.0,0,11,6,59,9.83,1,0,0,1,0.0,0.0,12.0,17.9,17.9,14.9,0.0,73,0.0,2019,Waiver
382,Stephen Carlson,CLE,TE,23,9,5,0,0,0,0,0,0,0,0.0,0,7,5,51,10.2,1,0,0,1,0.0,0.0,11.0,16.1,16.1,13.6,0.0,75,0.0,2019,Waiver
385,Tommy Sweeney,BUF,TE,24,6,1,0,0,0,0,0,0,0,0.0,0,13,8,114,14.25,0,0,0,0,0.0,0.0,11.0,19.4,22.4,15.4,0.0,74,0.0,2019,Waiver
389,Troy Fumagalli,DEN,TE,24,11,5,0,0,0,0,0,0,0,0.0,0,9,6,38,6.33,1,0,0,1,0.0,0.0,10.0,15.8,15.8,12.8,0.0,77,0.0,2019,Waiver
394,David Njoku,CLE,TE,23,4,1,0,0,0,0,0,0,0,0.0,0,10,5,41,8.2,1,0,0,1,0.0,0.0,10.0,15.1,15.1,12.6,0.0,76,0.0,2019,Waiver
397,Mo Alie-Cox,IND,TE,26,16,2,0,0,0,0,0,0,0,0.0,0,11,8,93,11.63,0,0,0,0,0.0,0.0,9.0,17.3,17.3,13.3,0.0,78,0.0,2019,Waiver
403,J.P. Holtz,2TM,TE,26,15,7,0,0,0,0,0,0,0,0.0,0,8,7,91,13.0,0,0,0,0,0.0,0.0,9.0,16.1,16.1,12.6,0.0,79,0.0,2019,Waiver
410,Trey Burton,CHI,TE,28,8,5,0,0,0,0,0,0,0,0.0,0,24,14,84,6.0,0,0,0,0,0.0,0.0,8.0,22.4,22.4,15.4,0.0,80,0.0,2019,Waiver
414,Luke Willson,SEA,TE,29,8,7,0,0,0,0,0,0,0,0.0,0,10,8,79,9.88,0,0,0,0,0.0,0.0,8.0,15.9,15.9,11.9,0.0,81,0.0,2019,Waiver
416,Blake Bell,KAN,TE,28,15,7,0,0,0,0,0,0,0,0.0,0,15,8,67,8.38,0,0,0,0,0.0,0.0,7.0,14.7,14.7,10.7,0.0,83,0.0,2019,Waiver
419,Cethan Carter,CIN,TE,24,15,0,0,0,0,0,0,0,0,0.0,0,3,2,13,6.5,1,0,0,1,0.0,0.0,7.0,9.3,9.3,8.3,0.0,82,0.0,2019,Waiver
424,Durham Smythe,MIA,TE,24,16,14,0,0,0,0,0,0,0,0.0,0,14,7,65,9.29,0,0,0,0,0.0,0.0,7.0,13.5,13.5,10.0,0.0,85,0.0,2019,Waiver
425,Geoff Swaim,JAX,TE,26,6,2,0,0,0,0,0,0,0,0.0,0,17,13,65,5.0,0,0,0,0,0.0,0.0,7.0,19.5,19.5,13.0,0.0,84,0.0,2019,Waiver
429,Tyler Conklin,MIN,TE,24,15,1,0,0,0,0,0,0,0,0.0,0,10,8,58,7.25,0,0,0,0,0.0,0.0,6.0,13.8,13.8,9.8,0.0,87,0.0,2019,Waiver
436,Clive Walford,MIA,TE,28,7,3,0,0,0,0,0,0,4,0.0,0,8,4,57,14.25,0,0,0,0,0.0,0.0,6.0,10.1,10.1,8.1,0.0,86,0.0,2019,Waiver
444,Lance Kendricks,LAC,TE,31,12,1,0,0,0,0,0,0,0,0.0,0,7,3,50,16.67,0,0,0,0,0.0,0.0,5.0,8.0,8.0,6.5,0.0,90,0.0,2019,Waiver
447,Luke Stocker,ATL,TE,31,15,9,0,0,0,0,0,0,0,0.0,0,14,8,53,6.63,0,1,0,0,0.0,0.0,5.0,13.3,13.3,9.3,0.0,88,0.0,2019,Waiver
448,Trevon Wesco,NYJ,TE,24,16,1,0,0,0,0,0,1,2,2.0,0,3,2,47,23.5,0,0,0,0,0.0,0.0,5.0,6.9,6.9,5.9,0.0,91,0.0,2019,Waiver
451,Deon Yelder,KAN,TE,24,9,1,0,0,0,0,0,0,0,0.0,0,4,3,50,16.67,0,0,0,0,0.0,0.0,5.0,8.0,8.0,6.5,0.0,89,0.0,2019,Waiver
462,Pharaoh Brown,CLE,TE,25,9,6,0,0,0,0,0,0,0,0.0,0,3,2,27,13.5,0,0,0,0,0.0,0.0,3.0,4.7,4.7,3.7,0.0,94,0.0,2019,Waiver
467,Tanner Hudson,TAM,TE,25,9,1,0,0,0,0,0,0,0,0.0,0,5,2,26,13.0,0,0,0,0,0.0,0.0,3.0,4.6,4.6,3.6,0.0,96,0.0,2019,Waiver
471,Johnny Mundt,LAR,TE,25,13,2,0,0,0,0,0,0,0,0.0,0,7,4,26,6.5,0,0,0,0,0.0,0.0,3.0,6.6,6.6,4.6,0.0,95,0.0,2019,Waiver
473,Drew Sample,CIN,TE,23,9,2,0,0,0,0,0,0,0,0.0,0,6,5,30,6.0,0,0,0,0,0.0,0.0,3.0,8.0,8.0,5.5,0.0,93,0.0,2019,Waiver
479,Ross Travis,IND,TE,26,3,1,0,0,0,0,0,0,0,0.0,0,6,4,51,12.75,0,1,1,0,0.0,0.0,3.0,7.1,8.1,5.1,0.0,92,0.0,2019,Waiver
494,Josh Oliver,JAX,TE,22,4,1,0,0,0,0,0,0,0,0.0,0,6,3,15,5.0,0,0,0,0,0.0,0.0,2.0,4.5,4.5,3.0,0.0,98,0.0,2019,Waiver
496,Eric Saubert,CHI,TE,25,2,0,0,0,0,0,0,0,0,0.0,0,3,2,21,10.5,0,0,0,0,0.0,0.0,2.0,4.1,4.1,3.1,0.0,97,0.0,2019,Waiver
502,Antony Auclair,TAM,TE,26,8,5,0,0,0,0,0,0,0,0.0,0,3,1,11,11.0,0,0,0,0,0.0,0.0,1.0,2.1,2.1,1.6,0.0,103,0.0,2019,Waiver
505,Sean Culkin,LAC,TE,26,4,2,0,0,0,0,0,0,0,0.0,0,2,1,12,12.0,0,0,0,0,0.0,0.0,1.0,2.2,2.2,1.7,0.0,100,0.0,2019,Waiver
512,Chris Herndon,NYJ,TE,23,1,0,0,0,0,0,0,0,0,0.0,0,2,1,7,7.0,0,0,0,0,0.0,0.0,1.0,1.7,1.7,1.2,0.0,107,0.0,2019,Waiver
516,Charles Jones,JAX,TE,23,4,0,0,0,0,0,0,0,0,0.0,0,1,1,5,5.0,0,0,0,0,0.0,0.0,1.0,1.5,1.5,1.0,0.0,110,0.0,2019,Waiver
518,Ben Koyack,JAX,TE,26,11,6,0,0,0,0,0,0,0,0.0,0,3,1,9,9.0,0,0,0,0,0.0,0.0,1.0,1.9,1.9,1.4,0.0,105,0.0,2019,Waiver
519,Chris Manhertz,CAR,TE,27,15,6,0,0,0,0,0,0,0,0.0,0,1,1,11,11.0,0,0,0,0,0.0,0.0,1.0,2.1,2.1,1.6,0.0,102,0.0,2019,Waiver
522,Isaac Nauta,DET,TE,22,6,0,0,0,0,0,0,0,0,0.0,0,3,2,13,6.5,0,0,0,0,0.0,0.0,1.0,3.3,3.3,2.3,0.0,99,0.0,2019,Waiver
526,Dalton Schultz,DAL,TE,23,16,0,0,0,0,0,0,0,0,0.0,0,2,1,6,6.0,0,0,0,0,0.0,0.0,1.0,1.6,1.6,1.1,0.0,108,0.0,2019,Waiver
528,Scott Simonson,NYG,TE,27,5,1,0,0,0,0,0,0,0,0.0,0,2,2,11,5.5,0,0,0,0,0.0,0.0,1.0,3.1,3.1,2.1,0.0,101,0.0,2019,Waiver
530,Tyrone Swoopes,SEA,TE,25,5,2,0,0,0,0,0,0,0,0.0,0,1,1,5,5.0,0,0,0,0,0.0,0.0,1.0,1.5,1.5,1.0,0.0,109,0.0,2019,Waiver
532,Jordan Thomas,HOU,TE,23,5,2,0,0,0,0,0,0,0,0.0,0,3,1,8,8.0,0,0,0,0,0.0,0.0,1.0,1.8,1.8,1.3,0.0,106,0.0,2019,Waiver
534,Levine Toilolo,SFO,TE,28,13,0,0,0,0,0,0,0,0,0.0,0,2,2,10,5.0,0,0,0,0,0.0,0.0,1.0,3.0,3.0,2.0,0.0,104,0.0,2019,Waiver
550,Darrell Daniels,ARI,TE,25,11,0,0,0,0,0,0,0,0,0.0,0,3,1,4,4.0,0,0,0,0,0.0,0.0,0.0,1.4,1.4,0.9,0.0,111,0.0,2019,Waiver
552,James Develin,NWE,TE,31,2,2,0,0,0,0,0,2,3,1.5,0,0,0,0,0.0,0,0,0,0,0.0,0.0,0.0,0.3,0.3,0.3,0.0,113,0.0,2019,Waiver
562,Zach Gentry,PIT,TE,23,4,0,0,0,0,0,0,0,0,0.0,0,1,1,4,4.0,0,0,0,0,0.0,0.0,0.0,1.4,1.4,0.9,0.0,112,0.0,2019,Waiver
567,Xavier Grimble,PIT,TE,27,3,1,0,0,0,0,0,0,0,0.0,0,3,1,3,3.0,0,0,0,0,0.0,0.0,0.0,1.3,1.3,0.8,0.0,114,0.0,2019,Waiver
602,Eric Tomlinson,3TM,TE,27,8,3,0,0,0,0,0,0,0,0.0,0,1,1,1,1.0,0,0,0,0,0.0,0.0,0.0,1.1,1.1,0.6,0.0,115,0.0,2019,Waiver
8,Travis Kelce,KAN,TE,29,16,16,0,0,0,0,0,0,0,0.0,0,150,103,1336,12.97,10,2,1,10,0.0,0.0,192.0,294.6,298.6,243.1,109.0,1,8.0,2018,TE1
16,George Kittle,SFO,TE,25,16,16,0,0,0,0,0,1,10,10.0,0,136,88,1377,15.65,5,0,0,5,1.0,0.0,171.0,258.7,261.7,214.7,88.0,2,16.0,2018,TE1
17,Zach Ertz,PHI,TE,28,16,16,0,0,0,0,0,0,0,0.0,0,156,116,1163,10.03,8,1,0,8,0.0,0.0,164.0,280.3,283.3,222.3,81.0,3,17.0,2018,TE1
20,Eric Ebron,IND,TE,25,16,8,0,1,0,0,0,3,-8,-2.67,1,110,66,750,11.36,13,1,1,14,0.0,0.0,156.0,222.2,226.2,189.2,73.0,4,20.0,2018,TE1
39,Jared Cook,OAK,TE,31,16,14,0,0,0,0,0,0,0,0.0,0,101,68,896,13.18,6,0,0,6,0.0,0.0,126.0,193.6,196.6,159.6,43.0,5,39.0,2018,TE1
61,Trey Burton,CHI,TE,27,16,16,0,0,0,0,0,1,2,2.0,0,76,54,569,10.54,6,1,1,6,1.0,0.0,93.0,147.1,151.1,120.1,10.0,6,61.0,2018,TE1
64,Austin Hooper,ATL,TE,24,16,7,0,0,0,0,0,0,0,0.0,0,88,71,660,9.3,4,0,0,4,1.0,0.0,92.0,163.0,166.0,127.5,9.0,7,64.0,2018,TE1
65,David Njoku,CLE,TE,22,16,14,0,0,0,0,0,0,0,0.0,0,88,56,639,11.41,4,0,0,4,0.0,0.0,88.0,143.9,146.9,115.9,5.0,8,65.0,2018,TE1
66,Kyle Rudolph,MIN,TE,29,16,16,0,0,0,0,0,0,0,0.0,0,82,64,634,9.91,4,0,0,4,0.0,0.0,87.0,151.4,154.4,119.4,4.0,9,66.0,2018,TE1
68,O.J. Howard,TAM,TE,24,10,8,0,0,0,0,0,0,0,0.0,0,48,34,565,16.62,5,0,0,5,0.0,0.0,87.0,120.5,123.5,103.5,4.0,10,68.0,2018,TE1
72,Rob Gronkowski,NWE,TE,29,13,11,0,0,0,0,0,0,0,0.0,0,72,47,682,14.51,3,1,1,3,0.0,0.0,84.0,131.2,135.2,107.7,1.0,11,72.0,2018,TE1
76,Vance McDonald,PIT,TE,28,15,14,0,0,0,0,0,0,0,0.0,0,72,50,610,12.2,4,2,1,4,0.0,0.0,83.0,133.0,137.0,108.0,0.0,12,76.0,2018,TE1
151,Evan Engram,NYG,TE,24,11,8,0,0,0,0,0,3,36,12.0,0,64,45,577,12.82,3,0,0,3,1.0,0.0,81.0,126.3,129.3,103.8,0.0,13,0.0,2018,TE2
160,Jimmy Graham,GNB,TE,32,16,12,0,0,0,0,0,0,0,0.0,0,89,55,636,11.56,2,0,0,2,0.0,0.0,76.0,130.6,133.6,103.1,0.0,14,0.0,2018,TE2
169,Chris Herndon,NYJ,TE,22,16,12,0,0,0,0,0,0,0,0.0,0,56,39,502,12.87,4,2,0,4,0.0,0.0,74.0,113.2,116.2,93.7,0.0,15,0.0,2018,TE2
170,Mark Andrews,BAL,TE,23,16,3,0,0,0,0,0,0,0,0.0,0,50,34,552,16.24,3,0,0,3,0.0,0.0,73.0,107.2,110.2,90.2,0.0,16,0.0,2018,TE2
183,Jordan Reed,WAS,TE,28,13,8,0,0,0,0,0,0,0,0.0,0,84,54,558,10.33,2,1,1,2,0.0,0.0,66.0,119.8,123.8,92.8,0.0,17,0.0,2018,TE2
192,Cameron Brate,TAM,TE,27,16,2,0,0,0,0,0,0,0,0.0,0,49,30,289,9.63,6,1,1,6,0.0,0.0,63.0,92.9,96.9,77.9,0.0,18,0.0,2018,TE2
195,C.J. Uzomah,CIN,TE,25,16,15,0,0,0,0,0,0,0,0.0,0,64,43,439,10.21,3,0,0,3,0.0,0.0,62.0,104.9,107.9,83.4,0.0,19,0.0,2018,TE2
203,Dallas Goedert,PHI,TE,23,16,8,0,0,0,0,0,0,0,0.0,0,44,33,334,10.12,4,0,0,4,0.0,0.0,57.0,90.4,93.4,73.9,0.0,20,0.0,2018,TE2
207,Gerald Everett,LAR,TE,24,16,0,0,0,0,0,0,2,16,8.0,0,50,33,320,9.7,3,0,0,3,1.0,0.0,54.0,86.6,89.6,70.1,0.0,22,0.0,2018,TE2
208,Jesse James,PIT,TE,24,16,7,0,0,0,0,0,0,0,0.0,0,39,30,423,14.1,2,0,0,2,0.0,0.0,54.0,84.3,87.3,69.3,0.0,21,0.0,2018,TE2
209,Greg Olsen,CAR,TE,33,9,9,0,0,0,0,0,0,0,0.0,0,38,27,291,10.78,4,0,0,4,0.0,0.0,53.0,80.1,83.1,66.6,0.0,23,0.0,2018,TE2
211,Ben Watson,NOR,TE,38,16,4,0,0,0,0,0,0,0,0.0,0,46,35,400,11.43,2,0,0,2,0.0,0.0,52.0,87.0,90.0,69.5,0.0,24,0.0,2018,TE2
213,Vernon Davis,WAS,TE,34,14,8,0,0,0,0,0,0,0,0.0,0,36,25,367,14.68,2,0,0,2,1.0,0.0,51.0,75.7,78.7,63.2,0.0,25,0.0,2018,TE3
222,Blake Jarwin,DAL,TE,24,16,4,0,0,0,0,0,0,0,0.0,0,36,27,307,11.37,3,0,0,3,0.0,0.0,49.0,75.7,78.7,62.2,0.0,26,0.0,2018,TE3
228,Antonio Gates,LAC,TE,38,16,1,0,0,0,0,0,0,0,0.0,0,45,28,333,11.89,2,1,1,2,2.0,0.0,47.0,75.3,79.3,61.3,0.0,27,0.0,2018,TE3
233,Jordan Thomas,HOU,TE,22,16,10,0,0,0,0,0,0,0,0.0,0,27,20,215,10.75,4,0,0,4,0.0,0.0,46.0,65.5,68.5,55.5,0.0,28,0.0,2018,TE3
236,Ian Thomas,CAR,TE,22,16,6,0,0,0,0,0,0,0,0.0,0,49,36,333,9.25,2,0,0,2,0.0,0.0,45.0,81.3,84.3,63.3,0.0,29,0.0,2018,TE3
237,Nick Vannett,SEA,TE,25,15,9,0,0,0,0,0,0,0,0.0,0,43,29,269,9.28,3,1,0,3,0.0,0.0,45.0,73.9,76.9,59.4,0.0,30,0.0,2018,TE3
239,Jonnu Smith,TEN,TE,23,13,12,0,0,0,0,0,0,0,0.0,0,30,20,258,12.9,3,1,0,3,0.0,0.0,44.0,63.8,66.8,53.8,0.0,31,0.0,2018,TE3
246,Tyler Higbee,LAR,TE,25,16,16,0,0,0,0,0,0,0,0.0,0,34,24,292,12.17,2,1,0,2,0.0,0.0,41.0,65.2,68.2,53.2,0.0,32,0.0,2018,TE3
248,Jeff Heuerman,DEN,TE,26,11,10,0,0,0,0,0,0,0,0.0,0,48,31,281,9.06,2,0,0,2,0.0,0.0,40.0,71.1,74.1,55.6,0.0,34,0.0,2018,TE3
250,Ricky Seals-Jones,ARI,TE,23,15,5,0,0,0,0,0,0,0,0.0,0,69,34,343,10.09,1,0,0,1,0.0,0.0,40.0,74.3,77.3,57.3,0.0,33,0.0,2018,TE3
264,Jack Doyle,IND,TE,28,6,6,0,0,0,0,0,0,0,0.0,0,33,26,245,9.42,2,1,1,2,0.0,0.0,35.0,60.5,64.5,47.5,0.0,36,0.0,2018,TE3
265,Rhett Ellison,NYG,TE,30,14,12,0,0,0,0,0,0,0,0.0,0,34,25,272,10.88,1,0,0,1,1.0,0.0,35.0,60.2,63.2,47.7,0.0,35,0.0,2018,TE3
269,Jason Croom,BUF,TE,24,15,3,0,0,0,0,0,0,0,0.0,0,35,22,259,11.77,1,2,2,2,0.0,0.0,34.0,55.9,60.9,44.9,0.0,38,0.0,2018,TE4
270,Demetrius Harris,KAN,TE,27,15,3,0,0,0,0,0,0,0,0.0,0,25,12,164,13.67,3,0,0,3,0.0,0.0,34.0,46.4,49.4,40.4,0.0,37,0.0,2018,TE4
271,Ed Dickson,SEA,TE,31,10,1,0,0,0,0,0,1,9,9.0,0,13,12,143,11.92,3,0,0,3,0.0,0.0,33.0,45.2,48.2,39.2,0.0,39,0.0,2018,TE4
280,Levine Toilolo,DET,TE,27,16,10,0,0,0,0,0,0,0,0.0,0,24,21,263,12.52,1,0,0,1,0.0,0.0,32.0,53.3,56.3,42.8,0.0,40,0.0,2018,TE4
282,James Develin,NWE,TE,30,16,8,0,0,0,0,0,6,8,1.33,4,17,12,61,5.08,0,0,0,4,0.0,0.0,31.0,42.9,42.9,36.9,0.0,42,0.0,2018,TE4
284,Ryan Griffin,HOU,TE,28,14,11,0,0,0,0,0,0,0,0.0,0,43,24,305,12.71,0,0,0,0,0.0,0.0,31.0,54.5,57.5,42.5,0.0,43,0.0,2018,TE4
288,Matt LaCosse,DEN,TE,26,15,5,0,0,0,0,0,0,0,0.0,0,37,24,250,10.42,1,0,0,1,0.0,0.0,31.0,55.0,58.0,43.0,0.0,41,0.0,2018,TE4
291,Darren Fells,CLE,TE,32,16,11,0,0,0,0,0,0,0,0.0,0,12,11,117,10.64,3,0,0,3,0.0,0.0,30.0,40.7,43.7,35.2,0.0,45,0.0,2018,TE4
292,Geoff Swaim,DAL,TE,25,9,9,0,0,0,0,0,0,0,0.0,0,32,26,242,9.31,1,0,0,1,0.0,0.0,30.0,56.2,59.2,43.2,0.0,44,0.0,2018,TE4
297,Anthony Firkser,TEN,TE,23,12,0,0,0,0,0,0,0,0,0.0,0,20,19,225,11.84,1,0,0,1,0.0,0.0,29.0,47.5,50.5,38.0,0.0,46,0.0,2018,TE4
298,Luke Stocker,TEN,TE,30,16,11,0,0,0,0,0,1,0,0.0,0,21,15,165,11.0,2,0,0,2,0.0,0.0,29.0,43.5,46.5,36.0,0.0,47,0.0,2018,TE4
299,Will Dissly,SEA,TE,22,4,4,0,0,0,0,0,0,0,0.0,0,14,8,156,19.5,2,0,0,2,0.0,0.0,28.0,35.6,38.6,31.6,0.0,49,0.0,2018,Waiver
301,Michael Roberts,DET,TE,24,8,2,0,0,0,0,0,0,0,0.0,0,20,9,100,11.11,3,0,0,3,0.0,0.0,28.0,37.0,40.0,32.5,0.0,48,0.0,2018,TE4
305,Virgil Green,LAC,TE,30,16,16,0,0,0,0,0,0,0,0.0,0,27,19,210,11.05,1,0,0,1,0.0,0.0,27.0,46.0,49.0,36.5,0.0,50,0.0,2018,Waiver
309,Erik Swoope,IND,TE,26,7,2,0,0,0,0,0,0,0,0.0,0,10,8,87,10.88,3,0,0,3,0.0,0.0,27.0,34.7,34.7,30.7,0.0,51,0.0,2018,Waiver
313,Mo Alie-Cox,IND,TE,25,9,1,0,0,0,0,0,0,0,0.0,0,13,7,133,19.0,2,0,0,2,0.0,0.0,25.0,32.3,35.3,28.8,0.0,53,0.0,2018,Waiver
315,Josh Hill,NOR,TE,28,16,11,0,0,0,0,0,0,0,0.0,0,24,16,185,11.56,1,0,0,1,0.0,0.0,25.0,40.5,43.5,32.5,0.0,54,0.0,2018,Waiver
317,Lee Smith,OAK,TE,31,16,4,0,0,0,0,0,0,0,0.0,0,11,10,73,7.3,3,0,0,3,0.0,0.0,25.0,35.3,35.3,30.3,0.0,52,0.0,2018,Waiver
320,Tyler Eifert,CIN,TE,28,4,2,0,0,0,0,0,0,0,0.0,0,19,15,179,11.93,1,0,0,1,0.0,0.0,24.0,38.9,41.9,31.4,0.0,55,0.0,2018,Waiver
322,Jordan Akins,HOU,TE,26,16,6,0,0,0,0,0,0,0,0.0,0,25,17,225,13.24,0,0,0,0,0.0,0.0,23.0,39.5,42.5,31.0,0.0,57,0.0,2018,Waiver
324,Lance Kendricks,GNB,TE,30,16,3,0,0,0,0,0,0,0,0.0,0,25,19,170,8.95,1,0,0,1,0.0,0.0,23.0,42.0,45.0,32.5,0.0,56,0.0,2018,Waiver
326,Hayden Hurst,BAL,TE,25,12,0,0,0,0,0,0,1,0,0.0,0,23,13,163,12.54,1,0,0,1,0.0,0.0,22.0,35.3,38.3,28.8,0.0,58,0.0,2018,Waiver
329,Nick Boyle,BAL,TE,25,16,13,0,0,0,0,0,0,0,0.0,0,37,23,213,9.26,0,0,0,0,0.0,0.0,21.0,44.3,47.3,32.8,0.0,60,0.0,2018,Waiver
330,Garrett Celek,SFO,TE,30,15,1,0,0,0,0,0,0,0,0.0,0,8,5,90,18.0,2,0,0,2,0.0,0.0,21.0,26.0,26.0,23.5,0.0,62,0.0,2018,Waiver
333,James O'Shaughnessy,JAX,TE,26,14,9,0,0,0,0,0,0,0,0.0,0,38,24,214,8.92,0,0,0,0,0.0,0.0,21.0,45.4,48.4,33.4,0.0,59,0.0,2018,Waiver
334,Maxx Williams,BAL,TE,24,13,6,0,0,0,0,0,3,8,2.67,0,17,16,143,8.94,1,0,0,1,0.0,0.0,21.0,37.1,40.1,29.1,0.0,61,0.0,2018,Waiver
339,Mike Gesicki,MIA,TE,23,16,7,0,0,0,0,0,0,0,0.0,0,32,22,202,9.18,0,1,1,0,0.0,0.0,18.0,40.2,44.2,29.2,0.0,63,0.0,2018,Waiver
346,Jordan Leggett,NYJ,TE,23,15,4,0,0,0,0,0,0,0,0.0,0,24,14,114,8.14,1,0,0,1,0.0,0.0,17.0,31.4,34.4,24.4,0.0,64,0.0,2018,Waiver
347,Charles Clay,BUF,TE,29,13,12,0,0,0,0,0,0,0,0.0,0,36,21,184,8.76,0,1,1,0,0.0,0.0,16.0,37.4,41.4,26.9,0.0,65,0.0,2018,Waiver
350,MyCole Pruitt,TEN,TE,26,15,1,0,0,0,0,0,0,0,0.0,0,11,9,102,11.33,1,0,0,1,0.0,0.0,16.0,25.2,28.2,20.7,0.0,66,0.0,2018,Waiver
357,Nick O'Leary,MIA,TE,26,12,7,0,0,0,0,0,0,0,0.0,0,10,8,86,10.75,1,0,0,1,0.0,0.0,15.0,22.6,22.6,18.6,0.0,70,0.0,2018,Waiver
358,Logan Paulsen,ATL,TE,31,15,10,0,0,0,0,0,0,0,0.0,0,9,9,91,10.11,1,0,0,1,0.0,0.0,15.0,24.1,24.1,19.6,0.0,67,0.0,2018,Waiver
359,Austin Seferian-Jenkins,JAX,TE,26,5,5,0,0,0,0,0,0,0,0.0,0,19,11,90,8.18,1,0,0,1,0.0,0.0,15.0,26.0,26.0,20.5,0.0,68,0.0,2018,Waiver
360,Scott Simonson,NYG,TE,26,16,4,0,0,0,0,0,0,0,0.0,0,14,9,86,9.56,1,0,0,1,0.0,0.0,15.0,23.6,23.6,19.1,0.0,69,0.0,2018,Waiver
371,Robert Tonyan,GNB,TE,24,16,1,0,0,0,0,0,0,0,0.0,0,6,4,77,19.25,1,0,0,1,0.0,0.0,14.0,17.7,17.7,15.7,0.0,71,0.0,2018,Waiver
374,Seth Devalve,CLE,TE,25,13,4,0,0,0,0,0,0,0,0.0,0,7,5,74,14.8,1,0,0,1,0.0,0.0,13.0,18.4,18.4,15.9,0.0,72,0.0,2018,Waiver
380,Dalton Schultz,DAL,TE,22,11,7,0,0,0,0,0,0,0,0.0,0,17,12,116,9.67,0,0,0,0,0.0,0.0,12.0,23.6,26.6,17.6,0.0,73,0.0,2018,Waiver
381,A.J. Derby,MIA,TE,27,4,0,0,0,0,0,0,0,0,0.0,0,5,3,48,16.0,1,0,0,1,0.0,0.0,11.0,13.8,13.8,12.3,0.0,75,0.0,2018,Waiver
385,Chris Manhertz,CAR,TE,26,16,4,0,0,0,0,0,0,0,0.0,0,5,2,52,26.0,1,0,0,1,0.0,0.0,11.0,13.2,13.2,12.2,0.0,74,0.0,2018,Waiver
389,Jeremy Sprinkle,WAS,TE,24,16,9,0,0,0,0,0,0,0,0.0,0,9,5,41,8.2,1,0,0,1,0.0,0.0,10.0,15.1,15.1,12.6,0.0,76,0.0,2018,Waiver
391,Darren Waller,OAK,TE,26,4,0,0,0,0,0,0,1,21,21.0,0,6,6,75,12.5,0,0,0,0,0.0,0.0,10.0,15.6,15.6,12.6,0.0,77,0.0,2018,Waiver
394,Jake Butt,DEN,TE,23,3,3,0,0,0,0,0,0,0,0.0,0,13,8,85,10.63,0,0,0,0,0.0,0.0,9.0,16.5,16.5,12.5,0.0,79,0.0,2018,Waiver
400,Luke Willson,DET,TE,28,14,8,0,0,0,0,0,0,0,0.0,0,19,13,87,6.69,0,0,0,0,0.0,0.0,9.0,21.7,21.7,15.2,0.0,78,0.0,2018,Waiver
403,Tyler Conklin,MIN,TE,23,16,3,0,0,0,0,0,0,0,0.0,0,7,5,77,15.4,0,0,0,0,0.0,0.0,8.0,12.7,12.7,10.2,0.0,80,0.0,2018,Waiver
404,Matt Lengel,CIN,TE,28,11,2,0,0,0,0,0,0,0,0.0,0,8,3,17,5.67,1,0,0,1,0.0,0.0,8.0,10.7,10.7,9.2,0.0,81,0.0,2018,Waiver
410,Blake Bell,JAX,TE,27,10,4,0,0,0,0,0,0,0,0.0,0,11,8,67,8.38,0,0,0,0,0.0,0.0,7.0,14.7,14.7,10.7,0.0,84,0.0,2018,Waiver
413,Jermaine Gresham,ARI,TE,30,13,11,0,0,0,0,0,0,0,0.0,0,12,9,94,10.44,0,1,1,0,0.0,0.0,7.0,16.4,17.4,11.9,0.0,82,0.0,2018,Waiver
414,Xavier Grimble,PIT,TE,26,16,2,0,0,0,0,0,0,0,0.0,0,8,6,86,14.33,0,1,1,0,0.0,0.0,7.0,12.6,13.6,9.6,0.0,86,0.0,2018,Waiver
416,Joshua Perkins,PHI,TE,25,9,1,0,0,0,0,0,0,0,0.0,0,11,5,67,13.4,0,0,0,0,0.0,0.0,7.0,11.7,11.7,9.2,0.0,85,0.0,2018,Waiver
417,Eric Tomlinson,NYJ,TE,26,15,12,0,0,0,0,0,0,0,0.0,0,14,8,72,9.0,0,0,0,0,0.0,0.0,7.0,15.2,15.2,11.2,0.0,83,0.0,2018,Waiver
419,David Grinnage,JAX,TE,24,4,2,0,0,0,0,0,0,0,0.0,0,8,6,61,10.17,0,0,0,0,0.0,0.0,6.0,12.1,12.1,9.1,0.0,87,0.0,2018,Waiver
424,Antony Auclair,TAM,TE,25,16,10,0,0,0,0,0,0,0,0.0,0,8,7,48,6.86,0,0,0,0,0.0,0.0,5.0,11.8,11.8,8.3,0.0,92,0.0,2018,Waiver
427,Rico Gathers,DAL,TE,24,15,4,0,0,0,0,0,0,0,0.0,0,7,3,45,15.0,0,0,0,0,0.0,0.0,5.0,7.5,7.5,6.0,0.0,93,0.0,2018,Waiver
429,Jacob Hollister,NWE,TE,25,8,1,0,0,0,0,0,0,0,0.0,0,5,4,52,13.0,0,0,0,0,0.0,0.0,5.0,9.2,9.2,7.2,0.0,88,0.0,2018,Waiver
431,Eric Saubert,ATL,TE,24,16,1,0,0,0,0,0,0,0,0.0,0,9,5,48,9.6,0,0,0,0,0.0,0.0,5.0,9.8,9.8,7.3,0.0,91,0.0,2018,Waiver
432,Durham Smythe,MIA,TE,23,15,2,0,0,0,0,0,0,0,0.0,0,11,6,50,8.33,0,0,0,0,0.0,0.0,5.0,11.0,11.0,8.0,0.0,90,0.0,2018,Waiver
436,Delanie Walker,TEN,TE,34,1,1,0,0,0,0,0,0,0,0.0,0,7,4,52,13.0,0,0,0,0,0.0,0.0,5.0,9.2,9.2,7.2,0.0,89,0.0,2018,Waiver
440,Ben Braunecker,CHI,TE,24,15,2,0,0,0,0,0,0,0,0.0,0,5,3,42,14.0,0,0,0,0,0.0,0.0,4.0,7.2,7.2,5.7,0.0,94,0.0,2018,Waiver
444,Tyler Kroft,CIN,TE,26,5,2,0,0,0,0,0,0,0,0.0,0,6,4,36,9.0,0,0,0,0,0.0,0.0,4.0,7.6,7.6,5.6,0.0,98,0.0,2018,Waiver
445,Marcedes Lewis,GNB,TE,34,16,4,0,0,0,0,0,0,0,0.0,0,4,3,39,13.0,0,0,0,0,0.0,0.0,4.0,6.9,6.9,5.4,0.0,95,0.0,2018,Waiver
449,David Morgan,MIN,TE,25,11,6,0,0,0,0,0,0,0,0.0,0,6,5,36,7.2,0,0,0,0,0.0,0.0,4.0,8.6,8.6,6.1,0.0,97,0.0,2018,Waiver
452,John Phillips,ARI,TE,31,8,4,0,0,0,0,0,0,0,0.0,0,3,3,38,12.67,0,0,0,0,0.0,0.0,4.0,6.8,6.8,5.3,0.0,96,0.0,2018,Waiver
456,Dwayne Allen,NWE,TE,28,13,8,0,0,0,0,0,0,0,0.0,0,4,3,27,9.0,0,0,0,0,0.0,0.0,3.0,5.7,5.7,4.2,0.0,100,0.0,2018,Waiver
461,Brian Parker,DEN,TE,26,13,1,0,0,0,0,0,0,0,0.0,0,10,5,33,6.6,0,0,0,0,0.0,0.0,3.0,8.3,8.3,5.8,0.0,99,0.0,2018,Waiver
468,Orson Charles,CLE,TE,27,13,2,0,0,0,0,0,0,0,0.0,0,5,3,23,7.67,0,0,0,0,0.0,0.0,2.0,5.3,5.3,3.8,0.0,103,0.0,2018,Waiver
471,Sean Culkin,LAC,TE,25,13,10,0,0,0,0,0,0,0,0.0,0,1,1,24,24.0,0,0,0,0,0.0,0.0,2.0,3.4,3.4,2.9,0.0,101,0.0,2018,Waiver
484,Tyrone Swoopes,SEA,TE,24,1,1,0,0,0,0,0,0,0,0.0,0,1,1,23,23.0,0,0,0,0,0.0,0.0,2.0,3.3,3.3,2.8,0.0,102,0.0,2018,Waiver
497,Alan Cross,TAM,TE,25,14,3,0,0,0,0,0,0,0,0.0,0,5,2,9,4.5,0,0,0,0,0.0,0.0,1.0,2.9,2.9,1.9,0.0,107,0.0,2018,Waiver
499,Ross Dwelley,SFO,TE,23,11,0,0,0,0,0,0,0,0,0.0,0,2,2,14,7.0,0,0,0,0,0.0,0.0,1.0,3.4,3.4,2.4,0.0,104,0.0,2018,Waiver
500,Matt Flanagan,WAS,TE,23,3,1,0,0,0,0,0,0,0,0.0,0,1,1,14,14.0,0,0,0,0,0.0,0.0,1.0,2.4,2.4,1.9,0.0,105,0.0,2018,Waiver
509,Khari Lee,BUF,TE,26,2,0,0,0,0,0,0,0,0,0.0,0,1,1,5,5.0,0,0,0,0,0.0,0.0,1.0,1.5,1.5,1.0,0.0,111,0.0,2018,Waiver
514,Johnny Mundt,LAR,TE,24,10,0,0,0,0,0,0,0,0,0.0,0,1,1,5,5.0,0,0,0,0,0.0,0.0,1.0,1.5,1.5,1.0,0.0,110,0.0,2018,Waiver
518,Richard Rodgers,PHI,TE,26,7,0,0,0,0,0,0,0,0,0.0,0,1,1,7,7.0,0,0,0,0,0.0,0.0,1.0,1.7,1.7,1.2,0.0,109,0.0,2018,Waiver
519,Dion Sims,CHI,TE,27,8,4,0,0,0,0,0,0,0,0.0,0,4,2,9,4.5,0,0,0,0,0.0,0.0,1.0,2.9,2.9,1.9,0.0,108,0.0,2018,Waiver
520,Hakeem Valles,DET,TE,26,3,0,0,0,0,0,0,0,0,0.0,0,3,2,11,5.5,0,0,0,0,0.0,0.0,1.0,3.1,3.1,2.1,0.0,106,0.0,2018,Waiver
